name,sequence
Trx_wt,HGSTTFNIQDGPDFQDRVVNSETPVVVDFHAQWCGPCKILGPRLEKMVAKQHGKVVMAKVDIDDHTDLAIEYEVSAVPTVLAMKNGDVVDKFVGIKDEDQLEAFLKKLIG
Trx_cys,HGSTCFNIQDGPDFQDRVVNSETPVVVDFHAQWCGPCKILGPRLEKMVAKQHGKVVCAKVDIDDHTDLAIEYEVSAVPTVLAMKNGDVVDKFVGIKDEDQLEAFLKKLIG
T4_cys,MNCFEMLRIDERLRLKIYKDTEGYYTIGIGHLLTKSPSLNAAKSELDKAIGRNCNGVITKDEAEKLFNQDVDAAVRGILRNAKLKPVYDSLDAVRRCALINMVFQMGETGVAGFTNSLRMLQQKRWDEAAVNLAKSIWYNQTPNRAKRVITTFRTGTWDAYKNL
T4_wt,MNIFEMLRIDERLRLKIYKDTEGYYTIGIGHLLTKSPSLNAAKSELDKAIGRNCNGVITKDEAEKLFNQDVDAAVRGILRNAKLKPVYDSLDAVRRCALINMVFQMGETGVAGFTNSLRMLQQKRWDEAAVNLAKSIWYNQTPNRAKRVITTFRTGTWDAYKNL
MiniProteinA_cys,FNMQCQRRFYEALHDPNLNEEQRNAKIKSIRDDC
MiniProteinA_wt,QSFNMQQQRRFYEALHDPNLNEEQRNAKIKSIRDD
BPTI_cys,RPDFCLEPPYTGPCGARIIRYFYNAKAGLCQTFVYGGCRAKRNNFKSAEDCLRTCGGA
BPTI_nocys,RPDFCLEPPYTGPGKARIIRYFYNAKAGLAQTFVYGGVRAKRNNFKSAEDALRTCGGA
Trx_cys_6_58,HGSTTCNIQDGPDFQDRVVNSETPVVVDFHAQWCGPCKILGPRLEKMVAKQHGKVVMCKVDIDDHTDLAIEYEVSAVPTVLAMKNGDVVDKFVGIKDEDQLEAFLKKLIG
Trx_cys_7_59,HGSTTFCIQDGPDFQDRVVNSETPVVVDFHAQWCGPCKILGPRLEKMVAKQHGKVVMACVDIDDHTDLAIEYEVSAVPTVLAMKNGDVVDKFVGIKDEDQLEAFLKKLIG